Workbook

Sheet Kertas Kerja Kas & Bank
A1: Nama Perusahaan | B1: : PT Citra Nommensen | K1: No. KKP | L1: : IX, 1-1, 1-2, 1, 2
A2: Item | B2: : Ikhtisar Mutasi Kas dan Bank | K2: Disiapkan | L2: :
A3: Tanggal Periode | B3: : 31 Desember 19X1 | K3: Direview | L3: :
A5: Waktu | C5: Keterangan | D5: Kas | K5: Bank
A6: Bulan | B6: Tgl | D6: Debet | F6: Kredit | H6: Saldo | K6: Debet | M6: Kredit | O6: Saldo
A8: Januari | B8: 1 | C8: Saldo Awal | H8: 18600000 | I8: √ | O8: 37500000 | P8: √
B9: 31 | D9: 16200000 | F9: 29920000 | H9: =(H8+D9-F9) -> 4880000 | K9: 39450000 | M9: =10000000+14900000 -> 24900000 | O9: =(O8+K9-M9) -> 52050000
A10: Februari | B10: 28 | D10: 20800000 | F10: 22540000 | H10: =(H9+D10-F10) -> 3140000 | K10: 11200000 | M10: 44295000 | O10: =(O9+K10-M10) -> 18955000
A11: Maret | B11: 31 | D11: 22400000 | F11: 23250000 | H11: =(H10+D11-F11) -> 2290000 | K11: 14400000 | M11: 7350000 | O11: =(O10+K11-M11) -> 26005000
A12: April | B12: 30 | D12: 27200000 | F12: 26280000 | H12: =(H11+D12-F12) -> 3210000 | K12: 9600000 | M12: 5250000 | O12: =(O11+K12-M12) -> 30355000
A13: Mei | B13: 31 | D13: 28800000 | F13: 27900000 | H13: =(H12+D13-F13) -> 4110000 | K13: 9600000 | M13: 31050000 | O13: =(O12+K13-M13) -> 8905000
A14: Juni | B14: 30 | D14: 25600000 | F14: 20750000 | H14: =(H13+D14-F14) -> 8960000 | K14: 6400000 | M14: 14280000 | O14: =(O13+K14-M14) -> 1025000
A15: Juli | B15: 31 | D15: 27000000 | F15: 30400000 | H15: =(H14+D15-F15) -> 5560000 | K15: 58800000 | M15: 37750000 | O15: =(O14+K15-M15) -> 22075000
A16: Agustus | B16: 31 | D16: 30000000 | F16: 35010000 | H16: =(H15+D16-F16) -> 550000 | K16: 7500000 | M16: 13860000 | O16: =(O15+K16-M16) -> 15715000
A17: September | B17: 30 | D17: 42000000 | F17: 28800000 | H17: =(H16+D17-F17) -> 13750000 | K17: 0 | M17: 10250000 | O17: =O16+K17-M17 -> 5465000
A18: Oktober | B18: 31 | D18: 39000000 | F18: 39440000 | H18: =(H17+D18-F18) -> 13310000 | K18: 7500000 | M18: 11275000 | O18: =(O17+K18-M18) -> 1690000
A19: Nopember | B19: 30 | D19: 39000000 | F19: 41440000 | H19: =(H18+D19-F19) -> 10870000 | K19: 70000000 | M19: 50250000 | O19: =(O18+K19-M19) -> 21440000
A20: Desember | B20: 31 | C20: Saldo Akhir | D20: 30000000 | F20: 35380000 | H20: =(H19+D20-F20) -> 5490000 | I20: √ | K20: 10500000 | M20: 4000000 | O20: =(O19+K20-M20) -> 27940000 | P20: √
C21: Total | D21: =SUM(D9:D20) -> 348000000 | F21: =SUM(F9:F20) -> 361110000 | H21: =(H8+D21-F21) -> 5490000 | K21: =SUM(K9:K20) -> 244950000 | M21: =SUM(M9:M20) -> 254510000 | O21: =(O8+K21-M21) -> 27940000
C22: Adj 1 | F22: =(BAP!G30) -> 95000 | G22: O
C23: Total Saldo Audit Kas | D23: =(D21) -> 348000000 | F23: =(F21+F22) -> 361205000 | H23: =H8+D23-F23 -> 5395000
B28: Adj 1 | C28: Beban lain-lain | F28: =F22 -> 95000
D29: Kas | H29: =F22 -> 95000
A33: Keterangan Legenda Audit:
A34: √ | B34: verifikasi | C34: memastikan telah benar atau telah sesuai dengan buku besar atau buku pembantu
B35: footing | C35: penjumlahan dari atas ke bawah
B36: vouching | C36: menelusuri kebenaran data dari laporan ke dokumen
A37: O | B37: observasi | C37: melakukan pemeriksaan langsung atau pemeriksaan fisik

Sheet Rincian Pemeriksaan Kas
F1: PERINCIAN HASIL PEMERIKSAAN KAS
F2: PER 31 DESEMBER 19X1
F3: IX, 1-1, 5
A5: I | B5: Saldo Kas pada saat pemeriksaan (31 Maret 2026) | J5: =('Kertas Kerja Kas & Bank'!H21) -> 5490000
B6: Terdiri dari:
A7: 1. | B7: Uang Kertas | D7: 100000 | E7: : | F7: 22 | G7: Lembar | I7: =(D7*F7) -> 2200000
B8: Uang Kertas | D8: 50000 | E8: : | F8: 10 | G8: Lembar | I8: =(D8*F8) -> 500000
B9: Uang Kertas | D9: 20000 | E9: : | F9: 60 | G9: Lembar | I9: =(D9*F9) -> 1200000
B10: Uang Kertas | D10: 10000 | E10: : | F10: 100 | G10: Lembar | I10: =(D10*F10) -> 1000000
B11: Uang Kertas | D11: 5000 | E11: : | F11: 90 | G11: Lembar | I11: =(D11*F11) -> 450000
B12: Uang Kertas | D12: 2000 | E12: : | F12: 10 | G12: Lembar | I12: =(D12*F12) -> 20000
B13: Uang Kertas | D13: 1000 | E13: : | F13: 5 | G13: Lembar | I13: =(D13*F13) -> 5000
B14: Uang Kertas | D14: 500 | E14: : | F14: - | G14: Lembar | I14: -
B15: Uang Kertas | D15: 100 | E15: : | F15: - | G15: Lembar | I15: -
I16: =(I7+I8+I9+I10+I11+I12+I13) -> 5375000
A18: 2. | B18: Uang Logam | D18: 1000 | E18: : | F18: 20 | G18: Keping | I18: =(D18*F18) -> 20000
B19: Uang Logam | D19: 500 | E19: : | F19: - | G19: Keping | I19: -
B20: Uang Logam | D20: 100 | E20: : | F20: - | G20: Keping | I20: -
B21: Uang Logam | D21: 50 | E21: : | F21: - | G21: Keping | I21: -
B22: Uang Logam | D22: 25 | E22: : | F22: - | G22: Keping | I22: -
I23: =(I18) -> 20000
A25: 3. | B25: Kertas-kertas berharga:
D30: Jumlah Seluruhnya | I30: =(I16+I23) -> 5395000
A33: II. | B33: Saldo Kas menurut Buku Kas pada Saat Pemeriksaan | I33: =(J5) -> 5490000
B34: (Lima juta empat ratus sembilan puluh juta rupiah)
B36: Perbedaan Positip/Negatif | E36: Negatif | I36: =-(I30-I33) -> 95000
A38: III. | B38: Penjelasan Perbedaan | D38: Keterbatasan Uang Kecil
B41: Pemegang Kas | H41: Pemeriksa
B42: Nama | C42: : Anita | H42: Nama | I42: : Magdalena Margaretha Ingrid Sihombing
H43: Jabatan | I43: : Auditor Junior
B44: Tanda Tangan | C44: : | H44: Tanda Tangan | I44: :
B46: Cap | C46: :

Sheet BAP
G1: BERITA ACARA PEMERIKSAAN KAS
G2: IX,1-1,6
A4: Pada hari ini Selasa tanggal 31 Maret 2026 jam 11.48 yang bertanda tangan dibawah ini kami:
B6: 1. | C6: Nama Lengkap | E6: : Magdalena Margaretha Ingrid Sihombing
C7: Jabatan | E7: : Auditor Junior
B9: 2. | C9: Nama Lengkap | E9: :
C10: Jabatan | E10: :
A12: Sesuai dengan surat tugas nomor : 001/SP/III/2026, tanggal 24 Maret 2026 telah melakukan pemeriksaan kas yang dikuasai oleh:
C14: Nama Lengkap | E14: : Anita
C15: Jabatan | E15: : Kasir
C16: Pada | E16: : PT. Citra Nommensen
A19: Berdasarkan hasil pemeriksaan kas serta bukti-bukti yang berada dalam pengurusannya, kami menemui kenyataan sebagai berikut:
B21: a. | C21: Uang kertas dan Uang logam | G21: =('Rincian Pemeriksaan Kas'!I30) -> 5395000
B22: b. | C22: Surat Berharga yang diizinkan | G22: -
D24: Jumlah | G24: =(G21) -> 5395000
A26: Saldo menurut Buku Kas per tanggal
A27: pemeriksaan | C27: 31 Desember 19X1 | G27: =('Kertas Kerja Kas & Bank'!H21) -> 5490000
A29: Perbedaan positip/negatip antara
A30: saldo kas dan saldo buku | G30: =('Rincian Pemeriksaan Kas'!I36) -> 95000
A33: Pemegang Kas | G33: Pemeriksa
A34: Nama | B34: : Anita | G34: Nama | H34: : Magdalena Margaretha Ingrid Sihombing
G35: Jabatan | H35: : Auditor Junior
A36: Tanda Tangan | B36: : | G36: Tanda Tangan | H36: :
A38: Cap | B38: :
